,address,house_number,cap,municipality,province_code,province,region
20911,Via Chiaia,153,80121,Napoli,,Napoli,Campania
20912,Via Chiaia,153,80121,Napoli,,Napoli,Campania
20913,Via Chiaia,153,80121,Napoli,,Napoli,Campania
20914,Via Santa Lucia,60,80132,Napoli,,Napoli,Campania
20915,Via Santa Lucia,60,80132,Napoli,,Napoli,Campania
20916,Via Santa Lucia,60,80132,Napoli,,Napoli,Campania
20917,Piazza Salvatore Di Giacomo,192,80123,Napoli,,Napoli,Campania
20918,Piazza Salvatore Di Giacomo,121-122,80123,Napoli,,Napoli,Campania
20919,Piazza Salvatore Di Giacomo,192,80123,Napoli,,Napoli,Campania
20920,Piazza Salvatore Di Giacomo,121-122,80123,Napoli,,Napoli,Campania
20921,Piazza Salvatore Di Giacomo,121-122,80123,Napoli,,Napoli,Campania
20922,Largo Carolina,14,80132,Napoli,,Napoli,Campania
20923,Largo Carolina,14,80132,Napoli,,Napoli,Campania
20924,Largo Carolina,14,80132,Napoli,,Napoli,Campania
20925,Via Dei Mille,55,80121,Napoli,,Napoli,Campania
20926,Via Dei Mille,55,80121,Napoli,,Napoli,Campania
20927,Via Dei Mille,55,80121,Napoli,,Napoli,Campania
20928,Via Dei Mille,55,80121,Napoli,,Napoli,Campania
20929,Via Dei Mille,55,80121,Napoli,,Napoli,Campania
20930,Riviera Di Chiaia,8/9,80122,Napoli,,Napoli,Campania
20931,Riviera Di Chiaia,8/9,80122,Napoli,,Napoli,Campania
20932,Riviera Di Chiaia,8,80132,Napoli,,Napoli,Campania
20933,Riviera Di Chiaia,8,80122,Napoli,,Napoli,Campania
20934,Piazzetta Torretta,8,80122,Napoli,,Napoli,Campania
20935,Riviera Di Chiaia,8/9,80122,Napoli,,Napoli,Campania
20936,Piazzetta Torretta,8,80122,Napoli,,Napoli,Campania
20937,Riviera Di Chiaia,8,80122,Napoli,,Napoli,Campania
20938,Via Alessandro Manzoni,113/b,80123,Napoli,,Napoli,Campania
20939,Via Alessandro Manzoni,113/b,80123,Napoli,,Napoli,Campania
20940,Via Alessandro Manzoni,113/b,80123,Napoli,,Napoli,Campania
20941,Via Alessandro Manzoni,113/b,80123,Napoli,,Napoli,Campania
20942,Via Posillipo,84,80123,Napoli,,Napoli,Campania
20943,Via Posillipo,84,80123,Napoli,,Napoli,Campania
20944,Via Posillipo,84,80123,Napoli,,Napoli,Campania
20945,Via Posillipo,84,80123,Napoli,,Napoli,Campania
20946,Via Posillipo,84,80123,Napoli,,Napoli,Campania
20947,Via Dei Mille,21,80121,Napoli,,Napoli,Campania
20948,Via Aeroporto Inter Napoli Capodichino Zona Land Side Primo Piano,snc,80144,Napoli,,Napoli,Campania
20949,Via Dei Mille,21,80121,Napoli,,Napoli,Campania
20950,Via Roma,252,80144,Napoli,,Napoli,Campania
20951,Via Toledo,252,80144,Napoli,,Napoli,Campania
20952,Via Roma,252,80144,Napoli,,Napoli,Campania
20953,Via Roma,252,80144,Napoli,,Napoli,Campania
20954,Via Giustiniano,36,80126,Napoli,,Napoli,Campania
20955,Via Giustiniano,36,80126,Napoli,,Napoli,Campania
20956,Via Mergellina,196,80122,Napoli,,Napoli,Campania
20957,Corso Vittorio Emanuele,122,80121,Napoli,,Napoli,Campania
20958,Corso Vittorio Emanuele,122,80121,Napoli,,Napoli,Campania
20959,Corso Vittorio Emanuele,122,80121,Napoli,,Napoli,Campania
20960,Corso Vittorio Emanuele,122,80121,Napoli,,Napoli,Campania
20961,Corso Vittorio Emanuele,122,80121,Napoli,,Napoli,Campania
20962,Via Alessandro Manzoni,215,80123,Napoli,,Napoli,Campania
20963,Via Alessandro Manzoni,215,80123,Napoli,,Napoli,Campania
20964,Corso Vittorio Emanuele,74/a,80121,Napoli,,Napoli,Campania
20965,Corso Vittorio Emanuele,74/a,80121,Napoli,,Napoli,Campania
20966,Corso Vittorio Emanuele,74/a,80121,Napoli,,Napoli,Campania
20967,Corso Vittorio Emanuele,74/a,80121,Napoli,,Napoli,Campania
20968,Corso Vittorio Emanuele,657,80121,Napoli,,Napoli,Campania
20969,Via Alessandro Manzoni,155 C/D,80123,Napoli,,Napoli,Campania
20970,Via Alessandro Manzoni,151,80123,Napoli,,Napoli,Campania
20971,Via Alessandro Manzoni,151,80123,Napoli,,Napoli,Campania
20972,Via Alessandro Manzoni,151,80123,Napoli,,Napoli,Campania
20973,Via Alessandro Manzoni,155 C/D,80123,Napoli,,Napoli,Campania
20974,Via Del Casale A Posillipo,5,80123,Napoli,,Napoli,Campania
20975,Via Del Casale A Posillipo,5,80123,Napoli,,Napoli,Campania
20976,Via Gradoni Di Chiaia,38,80132,Napoli,,Napoli,Campania
20977,Via Gradoni Di Chiaia,38,80132,Napoli,,Napoli,Campania
20978,Via Gradoni Di Chiaia,38,80132,Napoli,,Napoli,Campania
20979,Via Gradoni Di Chiaia,38,80132,Napoli,,Napoli,Campania
20980,Via Gradoni Di Chiaia,38,80132,Napoli,,Napoli,Campania
20981,Riviera Di Chiaia,77,80122,Napoli,,Napoli,Campania
20982,Riviera Di Chiaia,77,80122,Napoli,,Napoli,Campania
20983,Riviera Di Chiaia,77,80122,Napoli,,Napoli,Campania
20984,Corso Vittorio Emanuele,225,80121,Napoli,,Napoli,Campania
20985,Corso Vittorio Emanuele,225,80121,Napoli,,Napoli,Campania
20986,Via Fabio Giordani,52/54,80122,Napoli,,Napoli,Campania
20987,Via Fabio Giordani,52/54,80122,Napoli,,Napoli,Campania
20988,Via Fabio Giordani,52/54,80122,Napoli,,Napoli,Campania
20989,Via Fabio Giordani,52/54,80122,Napoli,,Napoli,Campania
20990,Via Fabio Giordani,52,80122,Napoli,,Napoli,Campania
20991,Via Fabio Giordani,52,80122,Napoli,,Napoli,Campania
20992,Via Piave,214,80126,Napoli,,Napoli,Campania
20993,Via Pontano,60,80122,Napoli,,Napoli,Campania
20994,Via Piave,214,80122,Napoli,,Napoli,Campania
20995,Via Pontano,60,80122,Napoli,,Napoli,Campania
20996,Via Pontano,60,80122,Napoli,,Napoli,Campania
20997,Largo Ascensione,30,80121,Napoli,,Napoli,Campania
20998,Via Giosue` Carducci,22,80121,Napoli,,Napoli,Campania
20999,Via Kennedy,387/389,80125,Napoli,,Napoli,Campania
21000,Via Kennedy,387/389,80121,Napoli,,Napoli,Campania
21001,Via Kennedy,387/389,80125,Napoli,,Napoli,Campania
21002,Via Kennedy,387/389,80121,Napoli,,Napoli,Campania
21003,Via Giosue` Carducci,22,80121,Napoli,,Napoli,Campania
21004,Via Nardones,25,80132,Napoli,,Napoli,Campania
21005,Via Nardones,25,80132,Napoli,,Napoli,Campania
21006,Via Nardones,Angolo S.Anna di Palazzo 2526,80132,Napoli,,Napoli,Campania
21007,Piazza Dei Martiri,65,80121,Napoli,,Napoli,Campania
21008,Piazza Dei Martiri,65,80121,Napoli,,Napoli,Campania
21009,Via Santa Lucia,106,80132,Napoli,,Napoli,Campania
21010,Via Tasso,181 G1,80127,Napoli,,Napoli,Campania
21011,Via Tasso,177/a,80127,Napoli,,Napoli,Campania
21012,Via Tasso,177/a,80127,Napoli,,Napoli,Campania
21013,Via Calabritto,6,80121,Napoli,,Napoli,Campania
21014,Via Calabritto,6,80121,Napoli,,Napoli,Campania
21015,Via Calabritto,6,80121,Napoli,,Napoli,Campania
21016,Via Calabritto,6,80121,Napoli,,Napoli,Campania
21017,Via Cavallerizza A Chiaia,41,80121,Napoli,,Napoli,Campania
21018,Via Cavallerizza A Chiaia,41,80121,Napoli,,Napoli,Campania
21019,Via Cavallerizza A Chiaia,41,80121,Napoli,,Napoli,Campania
21020,Via Cavallerizza A Chiaia,41,80121,Napoli,,Napoli,Campania
21021,Via Cavallerizza A Chiaia,41,80121,Napoli,,Napoli,Campania
21022,Via Posillipo,323,80123,Napoli,,Napoli,Campania
21023,Via Posillipo,328,80123,Napoli,,Napoli,Campania
21024,Via E. A Pizzofalcone,7,80132,Napoli,,Napoli,Campania
21025,Via E. A Pizzofalcone,7,80132,Napoli,,Napoli,Campania
21026,Via Roma,287,80144,Napoli,,Napoli,Campania
21027,Via Toledo,287,80144,Napoli,,Napoli,Campania
21028,Via Roma,287,80144,Napoli,,Napoli,Campania
21029,Via Roma,287,80132,Napoli,,Napoli,Campania
21030,Via Margellina,35,80122,Napoli,,Napoli,Campania
21031,Via Mergellina,35H,80122,Napoli,,Napoli,Campania
21032,Via Mergellina,35H,80122,Napoli,,Napoli,Campania
21033,Via Dante,13/15,80144,Napoli,,Napoli,Campania
21034,Via Dante,13/15,80127,Napoli,,Napoli,Campania
21035,Via Dante,13/15,80127,Napoli,,Napoli,Campania
21036,Via Dante,13/15,80127,Napoli,,Napoli,Campania
21037,Via Dante,13/15,80144,Napoli,,Napoli,Campania
21038,Via Tasso,109,80127,Napoli,,Napoli,Campania
21039,Corso Vittorio Emanuele,732,80121,Napoli,,Napoli,Campania
21040,Corso Vittorio Emanuele,733,80121,Napoli,,Napoli,Campania
21041,Via A. Filangieri,67,80121,Napoli,,Napoli,Campania
21042,Via A. Filangieri,67,80121,Napoli,,Napoli,Campania
21043,Via A. Filangieri,67,80121,Napoli,,Napoli,Campania
21044,Via Francesco Petrarca,105,80122,Napoli,,Napoli,Campania
21045,Via Francesco Petrarca,105,80122,Napoli,,Napoli,Campania
21046,Via Francesco Petrarca,105,80122,Napoli,,Napoli,Campania
21047,Via Francesco Petrarca,105/a,80122,Napoli,,Napoli,Campania
21048,Via Riviera Di Chiaia,24,80122,Napoli,,Napoli,Campania
21049,Via Riviera Di Chiaia,24-25,80121,Napoli,,Napoli,Campania
21050,Via Riviera Di Chiaia,169,80122,Napoli,,Napoli,Campania
21051,Via Santo Strato,12 C-d,80123,Napoli,,Napoli,Campania
21052,Via Marechiaro,2/d,80123,Napoli,,Napoli,Campania
21053,Piazzetta Duca D`aosta,260,80132,Napoli,,Napoli,Campania
21054,Piazzetta Duca D`aosta,260,80132,Napoli,,Napoli,Campania
21055,Piazzetta Duca D'aosta,260,80132,Napoli,,Napoli,Campania
21056,Via Francesco Petrarca,173,80122,Napoli,,Napoli,Campania
21057,Via Francesco Petrarca,173,80122,Napoli,,Napoli,Campania
21058,Via Francesco Petrarca,173,80122,Napoli,,Napoli,Campania
21059,Via Francesco Petrarca,173 C/D,80122,Napoli,,Napoli,Campania
21060,Via San Carlo Alle Mortelle,12,80132,Napoli,,Napoli,Campania
21061,Via San Carlo Alle Mortelle,12,80132,Napoli,,Napoli,Campania
21062,Via San Carlo Alle Mortelle,12,80132,Napoli,,Napoli,Campania
21063,Calata Ponte Di Casanova,30,80143,Napoli,,Napoli,Campania
21064,Via San Carlo Alle Mortelle,12,80132,Napoli,,Napoli,Campania
21065,Via Giordano Bruno,148/c Ex Via Mergellina,80143,Napoli,,Napoli,Campania
21066,Piazza Amedeo,2,80121,Napoli,,Napoli,Campania
21067,Piazza Amedeo,2,80121,Napoli,,Napoli,Campania
21068,Via Domenico Morelli,22,80121,Napoli,,Napoli,Campania
21069,Via Domenico Morelli,22,80121,Napoli,,Napoli,Campania
21070,Via Domenico Morelli,22,80121,Napoli,,Napoli,Campania
21071,Via Domenico Morelli,22,80121,Napoli,,Napoli,Campania
21072,Via Posillipo,250/A,80123,Napoli,,Napoli,Campania
21073,Via Posillipo,239,80123,Napoli,,Napoli,Campania
21074,Via Posillipo,239,80123,Napoli,,Napoli,Campania
21075,Via Posillipo,239,80123,Napoli,,Napoli,Campania
21076,Via Posillipo,239,80123,Napoli,,Napoli,Campania
21077,Via M. Schipa,25/27,80122,Napoli,,Napoli,Campania
21078,Via Michelangelo Schipa,23-25,80122,Napoli,,Napoli,Campania
21079,Via M. Schipa,25/27,80122,Napoli,,Napoli,Campania
21080,Via Consalvo,64,80126,Napoli,,Napoli,Campania
21081,Via Consalvo,64,80126,Napoli,,Napoli,Campania
21082,Via Consalvo,64/66,80125,Napoli,,Napoli,Campania
21083,Via Consalvo,64/66,80125,Napoli,,Napoli,Campania
21084,Via Consalvo,64,80126,Napoli,,Napoli,Campania
21085,Via Giacomo Leopardi,144-144a,80100,Napoli,,Napoli,Campania
21086,Via Giacomo Leopardi,144,80125,Napoli,,Napoli,Campania
21087,Via Giacomo Leopardi,144,80125,Napoli,,Napoli,Campania
21088,Via Giacomo Leopardi,144-144A,80125,Napoli,,Napoli,Campania
21089,Via Mario Gigante,62,80126,Napoli,,Napoli,Campania
21090,Via Terracina A Fuorigrotta,51/53,80125,Napoli,,Napoli,Campania
21091,Via Terracina A Fuorigrotta,51/53,80125,Napoli,,Napoli,Campania
21092,Via Terracina A Fuorigrotta,51/53,80125,Napoli,,Napoli,Campania
21093,Piazza Bagnoli,726,80124,Napoli,,Napoli,Campania
21094,Piazza Bagnoli,726,80124,Napoli,,Napoli,Campania
21095,Via Via Giacinto De Sivo,1,80124,Napoli,,Napoli,Campania
21096,Viale Cavalleggeri Aosta,58,80124,Napoli,,Napoli,Campania
21097,Via Lucio Silla,65,80124,Napoli,,Napoli,Campania
21098,Via Lucio Silla,59 A/B/C,80124,Napoli,,Napoli,Campania
21099,Via G. Cesare,70,80125,Napoli,,Napoli,Campania
21100,Via G. Cesare,70,80125,Napoli,,Napoli,Campania
21101,Via G. Cesare,70,80125,Napoli,,Napoli,Campania
21102,Via G. Cesare,70,80125,Napoli,,Napoli,Campania
21103,Via G. Cesare,70,80125,Napoli,,Napoli,Campania
21104,Via Campegna,3A-3B,80124,Napoli,,Napoli,Campania
21105,Via Giulio Cesare,101/a,80124,Napoli,,Napoli,Campania
21106,Via Campegna,3A-3B,80124,Napoli,,Napoli,Campania
21107,Via Campegna,3A-3B,80124,Napoli,,Napoli,Campania
21108,Via Campegna,123,80124,Napoli,,Napoli,Campania
21109,Via Campegna,123,80124,Napoli,,Napoli,Campania
21110,Via Consalvo,105,80126,Napoli,,Napoli,Campania
21111,Via Consalvo,103,80126,Napoli,,Napoli,Campania
21112,Via Campi Flegrei,11,80124,Napoli,,Napoli,Campania
21113,Via Campi Flegrei,11,80124,Napoli,,Napoli,Campania
21114,Via Acate,28,80124,Napoli,,Napoli,Campania
21115,Via Cintia A Soccavo Is.,44/45,80126,Napoli,,Napoli,Campania
21116,Viale Augusto,166,80125,Napoli,,Napoli,Campania
21117,Piazza Marcantonio Colonna,21,80125,Napoli,,Napoli,Campania
21118,Piazza Marcantonio Colonna,21,80125,Napoli,,Napoli,Campania
21119,Via Agnano Astroni,208-210,80125,Napoli,,Napoli,Campania
21120,Via Agnano Astroni,208-210,80125,Napoli,,Napoli,Campania
21121,Via Agnano Astroni,208-210,80125,Napoli,,Napoli,Campania
21122,Via Agnano Astroni,208-210,80125,Napoli,,Napoli,Campania
21123,Via R. Ruggiero,30,80125,Napoli,,Napoli,Campania
21124,Via Agnano Astroni,208-210,80125,Napoli,,Napoli,Campania
21125,Via Caio Duilio,66,80125,Napoli,,Napoli,Campania
21126,Via Alessandro Manzoni,26/F,80123,Napoli,,Napoli,Campania
21127,Via Alessandro Manzoni,26/F,80123,Napoli,,Napoli,Campania
21128,Via Alessandro Manzoni,26/F,80123,Napoli,,Napoli,Campania
21129,Piazza Alessandro Lala,15,80126,Napoli,,Napoli,Campania
21130,Viale Cavalleggeri D'aosta,116/b,80124,Napoli,,Napoli,Campania
21131,Viale Cavalleggeri D'aosta,116/b,80124,Napoli,,Napoli,Campania
21132,Viale Cavalleggeri D'aosta,116/b,80124,Napoli,,Napoli,Campania
21133,Viale Cavalleggeri D'aosta,116/b,80124,Napoli,,Napoli,Campania
21134,Corso Duca D`aosta,13,80126,Napoli,,Napoli,Campania
21135,Corso Duca D`aosta,13,80126,Napoli,,Napoli,Campania
21136,Corso Duca D`aosta,13,80126,Napoli,,Napoli,Campania
21137,Via Epomeo,489,80126,Napoli,,Napoli,Campania
21138,Via Epomeo,489,80126,Napoli,,Napoli,Campania
21139,Via Epomeo,489,80126,Napoli,,Napoli,Campania
21140,Via Provinciale,57,80126,Napoli,,Napoli,Campania
21141,Via Provinciale,57,80126,Napoli,,Napoli,Campania
21142,Via Dell`epomeo,85,80126,Napoli,,Napoli,Campania
21143,Via Dell`epomeo,85,80126,Napoli,,Napoli,Campania
21144,Via Dell`epomeo,85,80126,Napoli,,Napoli,Campania
21145,Via Paolo Grimaldi,76,80126,Napoli,,Napoli,Campania
21146,Via Marco Aurelio,27/31,80126,Napoli,,Napoli,Campania
21147,Via Marco Aurelio,27/31,80126,Napoli,,Napoli,Campania
21148,Via Marco Aurelio,27/31,80126,Napoli,,Napoli,Campania
21149,Via Comunale Napoli,119/a,80126,Napoli,,Napoli,Campania
21150,Via Comunale Napoli,119/a,80145,Napoli,,Napoli,Campania
21151,Via Piave,209,80126,Napoli,,Napoli,Campania
21152,Via Piave,207 A,80126,Napoli,,Napoli,Campania
21153,Via Piave,109,80126,Napoli,,Napoli,Campania
21154,Via Provinciale,20  (Pianura),80126,Napoli,,Napoli,Campania
21155,Via Provinciale,20  (Pianura),80126,Napoli,,Napoli,Campania
21156,Via Provinciale,20  (Pianura),80126,Napoli,,Napoli,Campania
21157,Via Cornelia Dei Gracchi,35/37,80126,Napoli,,Napoli,Campania
21158,Via Cornelia Dei Gracchi,35/37,80126,Napoli,,Napoli,Campania
21159,Via Cornelia Dei Gracchi,35/37/39,80126,Napoli,,Napoli,Campania
21160,Via Cornelia Dei Gracchi,35/37,80126,Napoli,,Napoli,Campania
21161,Via Cornelia Dei Gracchi,35/37,80126,Napoli,,Napoli,Campania
21162,Via Livio Andronico,45,80126,Napoli,,Napoli,Campania
21163,Via Livio Andronico,45,80126,Napoli,,Napoli,Campania
21164,Via Livio Andronico,45,80126,Napoli,,Napoli,Campania
21165,Via Livio Andronico,45,80126,Napoli,,Napoli,Campania
21166,Via Livio Andronico,45,80126,Napoli,,Napoli,Campania
21167,Via Botticelli,43/45,80126,Napoli,,Napoli,Campania
21168,Strada Provinciale Napoli I Trav.catena,25,80126,Napoli,,Napoli,Campania
21169,Strada Provinciale Napoli I Trav.catena,25,80126,Napoli,,Napoli,Campania
21170,Strada Provinciale Napoli I Trav.catena,25,80126,Napoli,,Napoli,Campania
21171,Via Campanile,120,80126,Napoli,,Napoli,Campania
21172,Via Campanile,120,80126,Napoli,,Napoli,Campania
21173,Via Campanile,120,80126,Napoli,,Napoli,Campania
21174,Via Dell`epomeo,154,80128,Napoli,,Napoli,Campania
21175,Via Dell`epomeo,154,80128,Napoli,,Napoli,Campania
21176,Via Dell`epomeo,154,80128,Napoli,,Napoli,Campania
21177,Via Montagna Spaccata,310,80126,Napoli,,Napoli,Campania
21178,Via Montagna Spaccata,310,80126,Napoli,,Napoli,Campania
21179,Via Salvator D'alì,45,80126,Napoli,,Napoli,Campania
21180,Via Salvator D'alì,45,80100,Napoli,,Napoli,Campania
21181,Via Salvator D'al,45,80126,Napoli,,Napoli,Campania
21182,Via Paolo Della Valle,95-97-99,80126,Napoli,,Napoli,Campania
21183,Via Polo Della Valle,95-97-99,80126,Napoli,,Napoli,Campania
21184,Via Raffaele Morghen,165,80129,Napoli,,Napoli,Campania
21185,Via Simone Martini,37,80128,Napoli,,Napoli,Campania
21186,Via Simone Martini,37,80128,Napoli,,Napoli,Campania
21187,Via Simone Martini,37,80131,Napoli,,Napoli,Campania
21188,Via Simone Martini,37,80131,Napoli,,Napoli,Campania
21189,Via Simone Martini,37,80128,Napoli,,Napoli,Campania
21190,Piazza Francesco Muzi,25,80129,Napoli,,Napoli,Campania
21191,Piazza Francesco Muzii,24-25-26,80129,Napoli,,Napoli,Campania
21192,Via Scarlatti,79/85,80129,Napoli,,Napoli,Campania
21193,Via Scarlatti,79/85,80129,Napoli,,Napoli,Campania
21194,Via Scarlatti,85,80129,Napoli,,Napoli,Campania
21195,Via Belvedere,9,80127,Napoli,,Napoli,Campania
21196,Via Belvedere,6,80127,Napoli,,Napoli,Campania
21197,Piazza Vanvitelli,17,80129,Napoli,,Napoli,Campania
21198,Via Bernardo Cavallino,14,80128,Napoli,,Napoli,Campania
21199,Via Bernardo Cavallino,18,80128,Napoli,,Napoli,Campania
21200,Via Bernardo Cavallino,14,80128,Napoli,,Napoli,Campania
21201,Via Bernardo Cavallino,18,80128,Napoli,,Napoli,Campania
21202,Via Domenico Cimarosa,86,80127,Napoli,,Napoli,Campania
21203,Via Domenico Cimarosa,86,80127,Napoli,,Napoli,Campania
21204,Via Domenico Cimarosa,86,80127,Napoli,,Napoli,Campania
21205,Via Domenico Cimarosa,86,80127,Napoli,,Napoli,Campania
21206,Via Luca Giordano,144,80128,Napoli,,Napoli,Campania
21207,Via Campegna,3,80128,Napoli,,Napoli,Campania
21208,Via Luca Giordano,144-146,80128,Napoli,,Napoli,Campania
21209,Via Luca Giordano,144,80128,Napoli,,Napoli,Campania
21210,Via Giuseppe Recco,19,80128,Napoli,,Napoli,Campania
21211,Via Giuseppe Recco,19,80128,Napoli,,Napoli,Campania
21212,Via L. Caldieri,136/138,80128,Napoli,,Napoli,Campania
21213,Via L. Caldieri,136/138,80128,Napoli,,Napoli,Campania
21214,Via L. Caldieri,136/138,80128,Napoli,,Napoli,Campania
21215,Via Domenico Fontana,37,80128,Napoli,,Napoli,Campania
21216,Via Domenico Fontana,37,80128,Napoli,,Napoli,Campania
21217,Via Domenico Fontana,37,80128,Napoli,,Napoli,Campania
21218,Via Domenico Fontana,37,80128,Napoli,,Napoli,Campania
21219,Via Gabriele Jannelli,214,80131,Napoli,,Napoli,Campania
21220,Via Gabriele Jannelli,214,80131,Napoli,,Napoli,Campania
21221,Via Gabriele Jannelli,214,80131,Napoli,,Napoli,Campania
21222,Via Gabriele Jannelli,214,80131,Napoli,,Napoli,Campania
21223,Vicoletto Belvedere,1/6,80127,Napoli,,Napoli,Campania
21224,Vicoletto Belvedere,1/6,80127,Napoli,,Napoli,Campania
21225,Vicoletto Belvedere,226,80127,Napoli,,Napoli,Campania
21226,Vicoletto Belvedere,1/6,80127,Napoli,,Napoli,Campania
21227,Vicoletto Belvedere,226,80127,Napoli,,Napoli,Campania
21228,Via Merliani,37,80127,Napoli,,Napoli,Campania
21229,Via Cilea,305,80127,Napoli,,Napoli,Campania
21230,Via Cilea,305,80127,Napoli,,Napoli,Campania
21231,Via Onofrio Fragnito,104,80131,Napoli,,Napoli,Campania
21232,Via Onofrio Fragnito,104,80131,Napoli,,Napoli,Campania
21233,Via Santa Teresa Degli Scalzi,106,80131,Napoli,,Napoli,Campania
21234,Via Onofrio Fragnito,104,80131,Napoli,,Napoli,Campania
21235,Via S. G. Dei Capri,39,80131,Napoli,,Napoli,Campania
21236,Via S. G. Dei Capri,39,80131,Napoli,,Napoli,Campania
21237,Via S. G. Dei Capri,39,80131,Napoli,,Napoli,Campania
21238,Piazza Leonardo,28,80129,Napoli,,Napoli,Campania
21239,Piazza Leonardo,28,80129,Napoli,,Napoli,Campania
21240,Piazza Leonardo,28,80129,Napoli,,Napoli,Campania
21241,Via Pigna,175,80128,Napoli,,Napoli,Campania
21242,Via Pigna,175,80128,Napoli,,Napoli,Campania
21243,Via Pigna,153,80128,Napoli,,Napoli,Campania
21244,Via Pigna,153,80128,Napoli,,Napoli,Campania
21245,Via Giacinto Gigante,184,80128,Napoli,,Napoli,Campania
21246,Corso Europa,29,80127,Napoli,,Napoli,Campania
21247,Corso Europa,49,80127,Napoli,,Napoli,Campania
21248,Via Giuseppe Orsi,99,80128,Napoli,,Napoli,Campania
21249,Via Gabriele Jannelli,344,80131,Napoli,,Napoli,Campania
21250,Via Francesco Cilea,120,80127,Napoli,,Napoli,Campania
21251,Via Torrione San Martino,47,80129,Napoli,,Napoli,Campania
21252,Via Torrione San Martino,47,80129,Napoli,,Napoli,Campania
21253,Via Torrione San Martino,47,80129,Napoli,,Napoli,Campania
21254,Via Torrione San Martino,47,80129,Napoli,,Napoli,Campania
21255,Via Simone Martini,80,80131,Napoli,,Napoli,Campania
21256,Via Simone Martini,80,80131,Napoli,,Napoli,Campania
21257,Via Simone Martini,80,80131,Napoli,,Napoli,Campania
21258,Via Simone Martini,80,80131,Napoli,,Napoli,Campania
21259,Via Luca Giordano,67/a,80127,Napoli,,Napoli,Campania
21260,Via Luca Giordano,67/a,80127,Napoli,,Napoli,Campania
21261,Via Bernardo Cavallino,78,80131,Napoli,,Napoli,Campania
21262,Via Mariano Semmola,128,80131,Napoli,,Napoli,Campania
21263,Via Mariano Semmola,128,80131,Napoli,,Napoli,Campania
21264,Via Tino Da Camaino,20,80128,Napoli,,Napoli,Campania
21265,Via Tino Da Camaino,37,80129,Napoli,,Napoli,Campania
21266,Viale Michelangelo,38,80129,Napoli,,Napoli,Campania
21267,Viale Michelangelo,38,80129,Napoli,,Napoli,Campania
21268,Via Alessandro Scarlatti,99,80127,Napoli,,Napoli,Campania
21269,Via Baku,41,80144,Napoli,,Napoli,Campania
21270,Corso Chiaiano,28,80145,Napoli,,Napoli,Campania
21271,Corso Chiaiano,28,80145,Napoli,,Napoli,Campania
21272,Corso Chiaiano,28,80145,Napoli,,Napoli,Campania
21273,Corso Chiaiano,28,80145,Napoli,,Napoli,Campania
21274,Via Napoli,46,80145,Napoli,,Napoli,Campania
21275,Via Napoli,46,80145,Napoli,,Napoli,Campania
21276,Via Napoli A Piscinola,46,80145,Napoli,,Napoli,Campania
21277,Via Arturo Labriola,75/77,80145,Napoli,,Napoli,Campania
21278,Via Arturo Labriola,55,80145,Napoli,,Napoli,Campania
21279,Via Arturo Labriola,55,80145,Napoli,,Napoli,Campania
21280,Via Mugnano Marianella,9/a,80137,Napoli,,Napoli,Campania
21281,Via Mugnano Marianella,7/9/11,80145,Napoli,,Napoli,Campania
21282,Via Mugnano Marianella,11/a,80145,Napoli,,Napoli,Campania
21283,Via Mugnano Marianella,9/a,80137,Napoli,,Napoli,Campania
21284,Via E. Scaglione,64,80100,Napoli,,Napoli,Campania
21285,Via E. Scaglione,64,80145,Napoli,,Napoli,Campania
21286,Via E. Scaglione,64,80100,Napoli,,Napoli,Campania
21287,Rione Scampia,23,80144,Napoli,,Napoli,Campania
21288,Rione Scampia,23,80144,Napoli,,Napoli,Campania
21289,Piazza Tafuri,1,80145,Napoli,,Napoli,Campania
21290,Piazza Tafuri,1,80145,Napoli,,Napoli,Campania
21291,Via Santa Maria A Cubito,441,80145,Napoli,,Napoli,Campania
21292,Via Nuova Toscanella,32,80131,Napoli,,Napoli,Campania
21293,Via Santacroce Ad Orsolone,16/B,80131,Napoli,,Napoli,Campania
21294,Via Santacroce Ad Orsolone,16/B,80131,Napoli,,Napoli,Campania
21295,Via Nuova Toscanella,32,80131,Napoli,,Napoli,Campania
21296,Via Nuova Toscanella,32,80131,Napoli,,Napoli,Campania
21297,Via Vergini,63,80137,Napoli,,Napoli,Campania
21298,Via Vergini,63,80137,Napoli,,Napoli,Campania
21299,Via Vergini,63,80137,Napoli,,Napoli,Campania
21300,Via B. Celentano,2,80125,Napoli,,Napoli,Campania
21301,Via B. Celentano,2,80125,Napoli,,Napoli,Campania
21302,Via B. Celentano,2,80135,Napoli,,Napoli,Campania
21303,Via B. Celentano,2,80125,Napoli,,Napoli,Campania
21304,Via Nicola Nicolini,36,80141,Napoli,,Napoli,Campania
21305,Via Nicola Nicolini,36,80141,Napoli,,Napoli,Campania
21306,Via Nicola Nicolini,36,80141,Napoli,,Napoli,Campania
21307,Via Nicola Nicolini,36,80141,Napoli,,Napoli,Campania
21308,Via Nicola Nicolini,36,80141,Napoli,,Napoli,Campania
21309,Via Nicola Nicolini,36,80141,Napoli,,Napoli,Campania
21310,Piazza Cavour,119,80137,Napoli,,Napoli,Campania
21311,Piazza Cavour,119,80137,Napoli,,Napoli,Campania
21312,Via Colli Aminei,74,80131,Napoli,,Napoli,Campania
21313,Via Colli Aminei,74,80131,Napoli,,Napoli,Campania
21314,Corso Amedeo Di Savoia,212/b,80136,Napoli,,Napoli,Campania
21315,Corso Amedeo Di Savoia,212/b,80136,Napoli,,Napoli,Campania
21316,Via Santi Giovanni E Paolo,Isol. 6,80137,Napoli,,Napoli,Campania
21317,Via Santi Giovanni E Paolo,Isol. 6,80137,Napoli,,Napoli,Campania
21318,Via Santi Giovanni E Paolo,Isol. 6,80137,Napoli,,Napoli,Campania
21319,Via Santi Giovanni E Paolo,Isol. 6,80137,Napoli,,Napoli,Campania
21320,Via Villa Bisignano,13/a 13/b,80147,Napoli,,Napoli,Campania
21321,Via Villa Bisignano,13/a 13/b,80147,Napoli,,Napoli,Campania
21322,Via Villa Bisignano,13/a 13/b,80147,Napoli,,Napoli,Campania
21323,Via Villa Bisignano,13/a 13/b,80147,Napoli,,Napoli,Campania
21324,Via Eduardo Nicolardi,156,80131,Napoli,,Napoli,Campania
21325,Parco Giuliano,12,80131,Napoli,,Napoli,Campania
21326,Via Sanita`,121,80136,Napoli,,Napoli,Campania
21327,Via Sanita`,121,80136,Napoli,,Napoli,Campania
21328,Via Sanita`,121,80136,Napoli,,Napoli,Campania
21329,Santa Maria Antesaecula,63,80137,Napoli,,Napoli,Campania
21330,Via Santa Maria Antesaecula,63,80137,Napoli,,Napoli,Campania
21331,Via Vergini,39,80137,Napoli,,Napoli,Campania
21332,Via Vergini,39,80137,Napoli,,Napoli,Campania
21333,Via Vergini,39,80137,Napoli,,Napoli,Campania
21334,Via Carlo De Marco,9,80137,Napoli,,Napoli,Campania
21335,Via Carlo De Marco,9,80137,Napoli,,Napoli,Campania
21336,Via Carlo De Marco,9,80137,Napoli,,Napoli,Campania
21337,Via Carlo De Marco,9,80137,Napoli,,Napoli,Campania
21338,Santa Maria Ai Monti,86,80141,Napoli,,Napoli,Campania
21339,Via Santa Maria Ai Monti,86,80141,Napoli,,Napoli,Campania
21340,Santa Maria Ai Monti,86,80141,Napoli,,Napoli,Campania
21341,Calata Capodichino,123,80141,Napoli,,Napoli,Campania
21342,Calata Capodichino,123,80141,Napoli,,Napoli,Campania
21343,Via Sanita`,30,80136,Napoli,,Napoli,Campania
21344,Via San Rocco,60,80131,Napoli,,Napoli,Campania
21345,Via Poggio A Capodimonte,27,80131,Napoli,,Napoli,Campania
21346,Viale Del Poggio A Capodimonte,25,80131,Napoli,,Napoli,Campania
21347,Via Poggio A Capodimonte,25,80131,Napoli,,Napoli,Campania
21348,Via Poggio A Capodimonte,27,80131,Napoli,,Napoli,Campania
21349,Via Poggio A Capodimonte,27,80131,Napoli,,Napoli,Campania
21350,Via Poggio A Capodimonte,25,80131,Napoli,,Napoli,Campania
21351,Via Foria,113,80137,Napoli,,Napoli,Campania
21352,Via Foria,113,80137,Napoli,,Napoli,Campania
21353,Via Materdei,71,80136,Napoli,,Napoli,Campania
21354,Via Materdei,72,80136,Napoli,,Napoli,Campania
21355,Via Materdei,71/bis,80136,Napoli,,Napoli,Campania
21356,Via Materdei,72,80136,Napoli,,Napoli,Campania
21357,Via Colli Aminei,249,80131,Napoli,,Napoli,Campania
21358,Via Santi Giovanni E Paolo,140/e,80137,Napoli,,Napoli,Campania
21359,Via S. Antonino Pio,16-18-20,80126,Napoli,,Napoli,Campania
21360,Via Antonino Pio,16-18-20,80126,Napoli,,Napoli,Campania
21361,Via S. Antonino Pio,16-18-20,80126,Napoli,,Napoli,Campania
21362,Piazza Cavour,174,80137,Napoli,,Napoli,Campania
21363,Via Sant`antonio A Capodimonte,13,80131,Napoli,,Napoli,Campania
21364,Calata Capodichino,252,80141,Napoli,,Napoli,Campania
21365,Calata Capodichino,252,80141,Napoli,,Napoli,Campania
21366,Piazza Cavour,150,80137,Napoli,,Napoli,Campania
21367,Piazza Cavour,150,80137,Napoli,,Napoli,Campania
21368,Piazza Cavour,150,80137,Napoli,,Napoli,Campania
21369,Piazza Cavour,150,80137,Napoli,,Napoli,Campania
21370,Piazza Cavour,150,80137,Napoli,,Napoli,Campania
21371,Via Foria,199/201,80137,Napoli,,Napoli,Campania
21372,Via Foria,201,80137,Napoli,,Napoli,Campania
21373,Via Foria,201,80131,Napoli,,Napoli,Campania
21374,Via Filippo Bozzelli,19 a/b,80144,Napoli,,Napoli,Campania
21375,Via Filippo Maria Briganti,312,80144,Napoli,,Napoli,Campania
21376,Via Filippo Maria Briganti,312,80144,Napoli,,Napoli,Campania
21377,Via Michele Pietravalle,11,80131,Napoli,,Napoli,Campania
21378,Via Michele Pietravalle,11,80131,Napoli,,Napoli,Campania
21379,Via Michele Pietravalle,11,80131,Napoli,,Napoli,Campania
21380,Via Michele Pietravalle,11,80131,Napoli,,Napoli,Campania
21381,Via Michele Pietravalle,11,80131,Napoli,,Napoli,Campania
21382,Via Macedonio Mellone,90,80137,Napoli,,Napoli,Campania
21383,Via Caserta Al Bravo,124,80144,Napoli,,Napoli,Campania
21384,Via Caserta Al Bravo,124,80144,Napoli,,Napoli,Campania
21385,Via Caserta Al Bravo,124,80144,Napoli,,Napoli,Campania
21386,Via Liguria,29,80145,Napoli,,Napoli,Campania
21387,Via Regina Margherita,44,80145,Napoli,,Napoli,Campania
21388,Corso Italia,84,80144,Napoli,,Napoli,Campania
21389,Corso Italia,84,80144,Napoli,,Napoli,Campania
21390,Via Nuovo Tempio A Patierno,191,80144,Napoli,,Napoli,Campania
21391,Via Nuovo Tempio A Patierno,191,80144,Napoli,,Napoli,Campania
21392,Via Nuovo Tempio A Patierno,191,80144,Napoli,,Napoli,Campania
21393,Corso Secondigliano,1,80144,Napoli,,Napoli,Campania
21394,Corso Secondigliano,1,80144,Napoli,,Napoli,Campania
21395,Corso Secondigliano,1,80144,Napoli,,Napoli,Campania
21396,Parco Kennedy,9,80144,Napoli,,Napoli,Campania
21397,Viale Dei Pianeti,40,80144,Napoli,,Napoli,Campania
21398,Parco Kennedy,9,80144,Napoli,,Napoli,Campania
21399,Via Monviso,15/17,80144,Napoli,,Napoli,Campania
21400,Via Monviso,15/17,80144,Napoli,,Napoli,Campania
21401,Via Salvatore Gambardella,120,80145,Napoli,,Napoli,Campania
21402,Via Salvatore Gambardella,120,80145,Napoli,,Napoli,Campania
21403,Corso Secondigliano,144,80144,Napoli,,Napoli,Campania
21404,Corso Secondigliano,174,80144,Napoli,,Napoli,Campania
21405,Corso Secondigliano,174,80144,Napoli,,Napoli,Campania
21406,Corso Secondigliano,174,80144,Napoli,,Napoli,Campania
21407,Via V. Emanuele,83,80144,Napoli,,Napoli,Campania
21408,Corso V. Emanuele,83,80144,Napoli,,Napoli,Campania
21409,Via Cupa S. Cesarea,26,80144,Napoli,,Napoli,Campania
21410,Via Cupa S. Cesarea,30,80144,Napoli,,Napoli,Campania
21411,Via Cupa S. Cesarea,26,80144,Napoli,,Napoli,Campania
21412,Via Cupa S. Cesarea,26,80144,Napoli,,Napoli,Campania
21413,Via Vincenzo Janfolla,640,80131,Napoli,,Napoli,Campania
21414,Via Giovanni Diacono,77/79,80144,Napoli,,Napoli,Campania
21415,Via Giovanni Diacono,77/79,80144,Napoli,,Napoli,Campania
21416,Via Giovanni Diacono,77/79,80144,Napoli,,Napoli,Campania
21417,Via Monterosa,115,80144,Napoli,,Napoli,Campania
21418,Via Monterosa,115,80144,Napoli,,Napoli,Campania
21419,Via Miano,177/A,80131,Napoli,,Napoli,Campania
21420,Via Miano,177/A,80131,Napoli,,Napoli,Campania
21421,Via Miano,177/A,80145,Napoli,,Napoli,Campania
21422,Via Miano,177/A,80131,Napoli,,Napoli,Campania
21423,Corso Secondigliano,571,80144,Napoli,,Napoli,Campania
21424,Corso Vittorio Emanuele,25,80144,Napoli,,Napoli,Campania
21425,Corso Vittorio Emanuele,25,80144,Napoli,,Napoli,Campania
21426,Corso Vittorio Emanuele,25,80144,Napoli,,Napoli,Campania
21427,Via Vittorio Emanuele,25,80144,Napoli,,Napoli,Campania
21428,Corso Vittorio Emanuele,25,80144,Napoli,,Napoli,Campania
21429,Piazza Guarino,ed. 36 comp. 7,80144,Napoli,,Napoli,Campania
21430,Piazza Guarino,ed. 36 comp. 7,80144,Napoli,,Napoli,Campania
21431,Via Francesco Bolvito,38/40,80144,Napoli,,Napoli,Campania
21432,Via Francesco Bolvito,38/40,80144,Napoli,,Napoli,Campania
21433,Via Francesco Bolvito,38/40,80144,Napoli,,Napoli,Campania
21434,Piazza Pignasecca,2,80134,Napoli,,Napoli,Campania
21435,Piazza Pignasecca,2,80134,Napoli,,Napoli,Campania
21436,Via Piazza Pignasecca,2,80134,Napoli,,Napoli,Campania
21437,Piazza Pignasecca,2,80134,Napoli,,Napoli,Campania
21438,Via Santa Chiara,10,80134,Napoli,,Napoli,Campania
21439,Via Benedetto Croce,60,80134,Napoli,,Napoli,Campania
21440,Via Benedetto Croce,60,80134,Napoli,,Napoli,Campania
21441,Via Piazza Larga Al Mercato,3,80142,Napoli,,Napoli,Campania
21442,Via Piazza Larga Al Mercato,3,80142,Napoli,,Napoli,Campania
21443,Via Piazza Larga Al Mercato,3,80142,Napoli,,Napoli,Campania
21444,Via Salvator Rosa,340,80135,Napoli,,Napoli,Campania
21445,Via Salvator Rosa,344,80135,Napoli,,Napoli,Campania
21446,Via Salvator Rosa,340,80135,Napoli,,Napoli,Campania
21447,Via Salvator Rosa,344,80135,Napoli,,Napoli,Campania
21448,Piazza Municipio,54,80133,Napoli,,Napoli,Campania
21449,Piazza Municipio,54,80133,Napoli,,Napoli,Campania
21450,Piazza Municipio,54,80133,Napoli,,Napoli,Campania
21451,Piazza Municipio,54,80133,Napoli,,Napoli,Campania
21452,Piazza Municipio,54,80133,Napoli,,Napoli,Campania
21453,Via Pietro Colletta,32,80139,Napoli,,Napoli,Campania
21454,Via Pietro Colletta,32,80139,Napoli,,Napoli,Campania
21455,Via Pietro Colletta,11d/13,80139,Napoli,,Napoli,Campania
21456,Via Pietro Colletta,32,80139,Napoli,,Napoli,Campania
21457,Via Pietro Colletta,11d/13,80139,Napoli,,Napoli,Campania
21458,Via Lavinaio,161,80142,Napoli,,Napoli,Campania
21459,Via Lavinaio,161,80142,Napoli,,Napoli,Campania
21460,Via Lavinaio,161,80142,Napoli,,Napoli,Campania
21461,Piazzetta Nilo,2,80134,Napoli,,Napoli,Campania
21462,Piazzetta Nilo,1,80134,Napoli,,Napoli,Campania
21463,Santa Maria Delle Grazie A Loreto,62,80142,Napoli,,Napoli,Campania
21464,Via Santa Maria Delle Grazie A Loreto,62,80142,Napoli,,Napoli,Campania
21465,Via Santa Maria Delle Grazie A Loreto,62,80142,Napoli,,Napoli,Campania
21466,Santa Maria Delle Grazie A Loreto,62,80142,Napoli,,Napoli,Campania
21467,Santa Maria Delle Grazie A Loreto,62,80142,Napoli,,Napoli,Campania
21468,Via Ponte Di Tappia,49,80133,Napoli,,Napoli,Campania
21469,Via Ponte Di Tappia,49,80133,Napoli,,Napoli,Campania
21470,Viale Metamorfosi,111/114,80147,Napoli,,Napoli,Campania
21471,Piazza Dante,71,80135,Napoli,,Napoli,Campania
21472,Via Epomeo,266-268,80138,Napoli,,Napoli,Campania
21473,Via Epomeo,266-268,80138,Napoli,,Napoli,Campania
21474,Via Gugliemo Cardinale Sanfelice,40,80134,Napoli,,Napoli,Campania
21475,Via Gugliemo Cardinale Sanfelice,40,80134,Napoli,,Napoli,Campania
21476,Via Gugliemo Cardinale Sanfelice,40,80134,Napoli,,Napoli,Campania
21477,Via Salvator Rosa,280,80135,Napoli,,Napoli,Campania
21478,Via Salvator Rosa,280,80135,Napoli,,Napoli,Campania
21479,Corso Arnaldo Lucci,67,80142,Napoli,,Napoli,Campania
21480,Via C. Capaccio,9,80142,Napoli,,Napoli,Campania
21481,Corso Arnaldo Lucci,67,80142,Napoli,,Napoli,Campania
21482,Via Vespucci,77,80142,Napoli,,Napoli,Campania
21483,Via Vespucci,76,80142,Napoli,,Napoli,Campania
21484,Via Vespucci,77,80142,Napoli,,Napoli,Campania
21485,Via Vespucci,76,80142,Napoli,,Napoli,Campania
21486,Via Duomo,294,80138,Napoli,,Napoli,Campania
21487,Via Duomo,294,80138,Napoli,,Napoli,Campania
21488,Corso Umberto I,43,80138,Napoli,,Napoli,Campania
21489,Corso Umberto I,43,80138,Napoli,,Napoli,Campania
21490,Corso Umberto I,43,80138,Napoli,,Napoli,Campania
21491,Corso Umberto I,43,80138,Napoli,,Napoli,Campania
21492,Corso Umberto I,43,80138,Napoli,,Napoli,Campania
21493,Piazza Municipio,15,80133,Napoli,,Napoli,Campania
21494,Piazza Municipio,15,80133,Napoli,,Napoli,Campania
21495,Corso Umberto I,25,80138,Napoli,,Napoli,Campania
21496,Corso Umberto I,25,80138,Napoli,,Napoli,Campania
21497,Corso Umberto I,25,80138,Napoli,,Napoli,Campania
21498,Corso Umberto I,25,80138,Napoli,,Napoli,Campania
21499,Corso Umberto I,25,80138,Napoli,,Napoli,Campania
21500,Via Salvator Rosa,80,80135,Napoli,,Napoli,Campania
21501,Via Salvator Rosa,80,80135,Napoli,,Napoli,Campania
21502,Via Leopardi,192,80125,Napoli,,Napoli,Campania
21503,Via Tarsia,2,80135,Napoli,,Napoli,Campania
21504,Via Tarsia,2,80135,Napoli,,Napoli,Campania
21505,Via Salvatore Tommasi,52,80135,Napoli,,Napoli,Campania
21506,Via Salvatore Tommasi,52,80135,Napoli,,Napoli,Campania
21507,Via Roma,348,80144,Napoli,,Napoli,Campania
21508,Via Roma,348,80134,Napoli,,Napoli,Campania
21509,Via Toledo,345,80134,Napoli,,Napoli,Campania
21510,Via Roma,348,80144,Napoli,,Napoli,Campania
21511,Corso Umberto I,98,80138,Napoli,,Napoli,Campania
21512,Corso Umberto I,98,80138,Napoli,,Napoli,Campania
21513,Corso Umberto I,98,80138,Napoli,,Napoli,Campania
21514,Corso Umberto I,98,80138,Napoli,,Napoli,Campania
21515,Via Agostino Depretis,11,80133,Napoli,,Napoli,Campania
21516,Via Agostino Depretis,27,80133,Napoli,,Napoli,Campania
21517,Via Agostino Depretis,11,80133,Napoli,,Napoli,Campania
21518,Via Agostino Depretis,45,80133,Napoli,,Napoli,Campania
21519,Via Agostino Depretis,11,80133,Napoli,,Napoli,Campania
21520,Via Agostino Depretis,11,80133,Napoli,,Napoli,Campania
21521,Via Agostino Depretis,45,80133,Napoli,,Napoli,Campania
21522,Corso Vittorio Emanuele,245,80121,Napoli,,Napoli,Campania
21523,Via Guglielmo Appulo,15,80136,Napoli,,Napoli,Campania
21524,Via Guglielmo Appulo,15,80136,Napoli,,Napoli,Campania
21525,Via Guglielmo Appulo,15,80136,Napoli,,Napoli,Campania
21526,Piazza Giuseppe Garibaldi,11,80142,Napoli,,Napoli,Campania
21527,Piazza Giuseppe Garibaldi,11,80142,Napoli,,Napoli,Campania
21528,Corso Umberto I,290/C,80142,Napoli,,Napoli,Campania
21529,Via Cervantes,51/53,80133,Napoli,,Napoli,Campania
21530,Piazza Giuseppe Garibaldi,102/105,80142,Napoli,,Napoli,Campania
21531,Piazza Giuseppe Garibaldi,103/105,80142,Napoli,,Napoli,Campania
21532,Piazza Luigi Miraglia,381,80138,Napoli,,Napoli,Campania
21533,Piazza Luigi Miraglia,381,80138,Napoli,,Napoli,Campania
21534,Piazza Luigi Miraglia,381,80138,Napoli,,Napoli,Campania
21535,Piazza Luigi Miraglia,381,80138,Napoli,,Napoli,Campania
21536,Corso Umberto,64,80138,Napoli,,Napoli,Campania
21537,Via Speranzella,47,80132,Napoli,,Napoli,Campania
21538,Piazza Carita`,9,80134,Napoli,,Napoli,Campania
21539,Piazza Carita`,9,80134,Napoli,,Napoli,Campania
21540,Piazza Carita`,9,80134,Napoli,,Napoli,Campania
21541,Via Monteoliveto,1,80135,Napoli,,Napoli,Campania
21542,Via Monteoliveto,1,80135,Napoli,,Napoli,Campania
21543,Via Monteoliveto,1,80135,Napoli,,Napoli,Campania
21544,Via Tarsia,6,80135,Napoli,,Napoli,Campania
21545,Piazza Montesanto,22 24,80135,Napoli,,Napoli,Campania
21546,Via Montesanto,24,80135,Napoli,,Napoli,Campania
21547,Via Montesanto,24,80135,Napoli,,Napoli,Campania
21548,Via Montesanto,24,80135,Napoli,,Napoli,Campania
21549,Via Montesanto,24,80135,Napoli,,Napoli,Campania
21550,Via Portamedina,8,80134,Napoli,,Napoli,Campania
21551,Via Portamedina,8,80134,Napoli,,Napoli,Campania
21552,Via Portamedina,8,80134,Napoli,,Napoli,Campania
21553,Via Portamedina,8,80134,Napoli,,Napoli,Campania
21554,Corso Vittorio Emanuele,475,80135,Napoli,,Napoli,Campania
21555,Corso Vittorio Emanuele,475,80135,Napoli,,Napoli,Campania
21556,Corso Vittorio Emanuele,475,80135,Napoli,,Napoli,Campania
21557,Corso Umberto I,391,80138,Napoli,,Napoli,Campania
21558,Corso Umberto I,393,80138,Napoli,,Napoli,Campania
21559,Corso Umberto I,391,80138,Napoli,,Napoli,Campania
21560,Via Toledo,404,80144,Napoli,,Napoli,Campania
21561,Via Roma,404,80144,Napoli,,Napoli,Campania
21562,Via Toledo,404,80144,Napoli,,Napoli,Campania
21563,Via Salvator Rosa,196,80136,Napoli,,Napoli,Campania
21564,Via Salvator Rosa,196,80136,Napoli,,Napoli,Campania
21565,Via Salvator Rosa,196,80136,Napoli,,Napoli,Campania
21566,Via Salvator Rosa,196,80136,Napoli,,Napoli,Campania
21567,Via Speranzella,168,80134,Napoli,,Napoli,Campania
21568,Via Speranzella,167,80134,Napoli,,Napoli,Campania
21569,Via Carmine,3,80142,Napoli,,Napoli,Campania
21570,Via Carmine,3,80142,Napoli,,Napoli,Campania
21571,Via Matteo Renato Imbriani,93,80136,Napoli,,Napoli,Campania
21572,Via Matteo Renato Imbriani,89/90,80136,Napoli,,Napoli,Campania
21573,Via Matteo Renato Imbriani,93,80136,Napoli,,Napoli,Campania
21574,Via Matteo Renato Imbriani,93,80136,Napoli,,Napoli,Campania
21575,Via De Meis,106/108,80147,Napoli,,Napoli,Campania
21576,Via De Meis,106,80147,Napoli,,Napoli,Campania
21577,Via De Meis,106,80147,Napoli,,Napoli,Campania
21578,Corso San Giovanni,641,80146,Napoli,,Napoli,Campania
21579,Corso San Giovanni,641,80146,Napoli,,Napoli,Campania
21580,Corso Sirena,79,80147,Napoli,,Napoli,Campania
21581,Corso San Giovanni A Teduccio,480,80146,Napoli,,Napoli,Campania
21582,Corso Sirena,286 (Barra),80147,Napoli,,Napoli,Campania
21583,Corso Sirena,286 (Barra),80147,Napoli,,Napoli,Campania
21584,Corso Sirena,286 (Barra),80147,Napoli,,Napoli,Campania
21585,Corso Sirena,286 (Barra),80147,Napoli,,Napoli,Campania
21586,Corso San Giovanni,102,80146,Napoli,,Napoli,Campania
21587,Corso San Giovanni,102,80146,Napoli,,Napoli,Campania
21588,Corso San Giovanni,102,80146,Napoli,,Napoli,Campania
21589,Via L. Volpicella,103,80147,Napoli,,Napoli,Campania
21590,Via L. Volpicella,103,80147,Napoli,,Napoli,Campania
21591,Corso Sirena,384,80147,Napoli,,Napoli,Campania
21592,Corso Sirena,384,80147,Napoli,,Napoli,Campania
21593,Corso Sirena,384,80147,Napoli,,Napoli,Campania
21594,Corso Sirena,384,80147,Napoli,,Napoli,Campania
21595,Corso Sirena,384,80147,Napoli,,Napoli,Campania
21596,Corso Sirena,384,80147,Napoli,,Napoli,Campania
21597,Via Bartolo Longo,52,80147,Napoli,,Napoli,Campania
21598,Via Bartolo Longo,52,80147,Napoli,,Napoli,Campania
21599,Via Bartolo Longo,66/A,80147,Napoli,,Napoli,Campania
21600,Corso San Giovanni A Teduccio,268,80146,Napoli,,Napoli,Campania
21601,Corso San Giovanni A Teduccio,268,80146,Napoli,,Napoli,Campania
21602,Corso San Giovanni A Teduccio,268,80146,Napoli,,Napoli,Campania
21603,Corso San Giovanni A Teduccio,268,80146,Napoli,,Napoli,Campania
21604,Corso San Giovanni A Teduccio,268,80146,Napoli,,Napoli,Campania
21605,Viale Margherita A Ponticelli,31,80147,Napoli,,Napoli,Campania
21606,Corso Protopisani,88,80146,Napoli,,Napoli,Campania
21607,Rione Villa,138,80146,Napoli,,Napoli,Campania
21608,Via Bartolo Longo,300,80135,Napoli,,Napoli,Campania
21609,Via Botteghelle,494,80133,Napoli,,Napoli,Campania
21610,Via Angelo Camillo De Meis,647,80147,Napoli,,Napoli,Campania
21611,Via Angelo Camillo De Meis,647,80147,Napoli,,Napoli,Campania
21612,Via Angelo Camillo De Meis,647,80147,Napoli,,Napoli,Campania
21613,Via Angelo Camillo De Meis,647,80147,Napoli,,Napoli,Campania
21614,Via Figurelle-r. D'azeglio,5,80147,Napoli,,Napoli,Campania
21615,Piazza Vincenzo De Franchis,36,80147,Napoli,,Napoli,Campania
21616,Piazza Vincenzo De Franchis,36,80147,Napoli,,Napoli,Campania
21617,Piazza Vincenzo De Franchis,36,80147,Napoli,,Napoli,Campania
21618,Via Comunale Ottaviano,113,80146,Napoli,,Napoli,Campania
21619,Via Comunale Ottaviano,113,80146,Napoli,,Napoli,Campania
21620,Via Comunale Ottaviano,113,80146,Napoli,,Napoli,Campania
21621,Via Comunale Ottaviano,113,80146,Napoli,,Napoli,Campania
21622,Via Comunale Ottaviano,113,80146,Napoli,,Napoli,Campania
21623,Via Comunale Ottaviano,113,80146,Napoli,,Napoli,Campania
21624,Via Comunale Ottaviano,113,80146,Napoli,,Napoli,Campania
21625,Corso San Giovanni,907,80146,Napoli,,Napoli,Campania
21626,Corso San Giovanni,907,80146,Napoli,,Napoli,Campania
21627,Corso San Giovanni,907,80146,Napoli,,Napoli,Campania
21628,Corso Ponticelli,23/L,80133,Napoli,,Napoli,Campania
21629,Corso Ponticelli,23/L,80147,Napoli,,Napoli,Campania
21630,Corso Ponticelli,23/L,80147,Napoli,,Napoli,Campania
21631,Via Provinciale Botteghelle,596,80147,Napoli,,Napoli,Campania
21632,Via Argine,518 Ang. Via Napoli 161/163,80147,Napoli,,Napoli,Campania
21633,Via Argine,518 Ang. Via Napoli 161/163,80147,Napoli,,Napoli,Campania
21634,Via Argine,58 Ang. Via Napoli 161/163,80147,Napoli,,Napoli,Campania
21635,Via Argine,518 Ang. Via Napoli 161/163,80147,Napoli,,Napoli,Campania
21636,Corso Vittorio Emanuele,437,80135,Napoli,,Napoli,Campania
21637,Corso Vittorio Emanuele,437,80135,Napoli,,Napoli,Campania
21638,Corso Vittorio Emanuele,437,80135,Napoli,,Napoli,Campania
21639,Piazza Nazionale,75,80143,Napoli,,Napoli,Campania
21640,Piazza Nazionale,75,80143,Napoli,,Napoli,Campania
21641,Corso Giuseppe Garibaldi,317,80139,Napoli,,Napoli,Campania
21642,Corso Giuseppe Garibaldi,317,80139,Napoli,,Napoli,Campania
21643,Via Sant`antonio Abate,123,80139,Napoli,,Napoli,Campania
21644,Via Sant`antonio Abate,123,80139,Napoli,,Napoli,Campania
21645,Via Sant`antonio Abate,123,80139,Napoli,,Napoli,Campania
21646,Via Sant`antonio Abate,123,80139,Napoli,,Napoli,Campania
21647,Via San Giuseppe Dei Ruffi,2,80138,Napoli,,Napoli,Campania
21648,Via San Giuseppe Dei Ruffi,2,80138,Napoli,,Napoli,Campania
21649,Via San Giuseppe Dei Ruffi,2,80138,Napoli,,Napoli,Campania
21650,Via Giuseppe Dei Ruffi,2,80138,Napoli,,Napoli,Campania
21651,Via Firenze,84,80142,Napoli,,Napoli,Campania
21652,Via Firenze,84,80142,Napoli,,Napoli,Campania
21653,Via Firenze,84,80142,Napoli,,Napoli,Campania
21654,Via Firenze,84,80142,Napoli,,Napoli,Campania
21655,Piazza Mura Greche,14,80139,Napoli,,Napoli,Campania
21656,Via Nuova Poggioreale,163 a/b,80143,Napoli,,Napoli,Campania
21657,Via Nuova Poggioreale,45,80143,Napoli,,Napoli,Campania
21658,Via Nuova Poggioreale,45,80143,Napoli,,Napoli,Campania
21659,Via Nuova Poggioreale,45,80143,Napoli,,Napoli,Campania
21660,Sant'antonio Abate,102,80139,Napoli,,Napoli,Campania
21661,Sant'antonio Abate,102,80139,Napoli,,Napoli,Campania
21662,Via Sant'antonio Abate,102,80139,Napoli,,Napoli,Campania
21663,Sant'antonio Abate,102,80139,Napoli,,Napoli,Campania
21664,Via Stadera A Poggioreale,139,80143,Napoli,,Napoli,Campania
21665,Via Foria,63,80137,Napoli,,Napoli,Campania
21666,Via Foria,63,80137,Napoli,,Napoli,Campania
21667,Via Carlo Lahalle,18,80141,Napoli,,Napoli,Campania
21668,Via Carlo Lahalle,16/18,80141,Napoli,,Napoli,Campania
21669,Via Carlo Lahalle,18,80141,Napoli,,Napoli,Campania
21670,Via Carlo Lahalle,16/18/20,80141,Napoli,,Napoli,Campania
21671,Via Tribunali,215,80139,Napoli,,Napoli,Campania
21672,Via Tribunali,215,80139,Napoli,,Napoli,Campania
21673,Via Sant`antonio Abate,161,80139,Napoli,,Napoli,Campania
21674,Via Duomo,156/158/160,80139,Napoli,,Napoli,Campania
21675,Via Duomo,156/158/160,80139,Napoli,,Napoli,Campania
21676,Via Duomo,156/158/160,80139,Napoli,,Napoli,Campania
21677,Corso Giuseppe Garibaldi,262,80139,Napoli,,Napoli,Campania
21678,Corso Giuseppe Garibaldi,262,80139,Napoli,,Napoli,Campania
21679,Via Arenaccia,106,80143,Napoli,,Napoli,Campania
21680,Via Arenaccia,106,80143,Napoli,,Napoli,Campania
21681,Via Arenaccia,106 E/F/D,80141,Napoli,,Napoli,Campania
21682,Via Arenaccia,106 E/f/d,80141,Napoli,,Napoli,Campania
21683,Via Arenaccia,106 E/F/D,80141,Napoli,,Napoli,Campania
21684,Via Arenaccia,106,80141,Napoli,,Napoli,Campania
21685,Via Costantinopoli,86,80138,Napoli,,Napoli,Campania
21686,Via Costantinopoli,86,80138,Napoli,,Napoli,Campania
21687,Via Casanova,109,80143,Napoli,,Napoli,Campania
21688,Via Casanova,109,80143,Napoli,,Napoli,Campania
21689,Via Casanova,109,80143,Napoli,,Napoli,Campania
21690,Via Casanova,108,80139,Napoli,,Napoli,Campania
21691,Via San Paolo,20,80138,Napoli,,Napoli,Campania
21692,Via San Paolo,20,80138,Napoli,,Napoli,Campania
21693,Via Cavalleggeri Di Aosta,5/b,80124,Napoli,,Napoli,Campania
21694,Via Cavalleggeri Di Aosta,11,80100,Napoli,,Napoli,Campania
21695,Corso Garibaldi,354,80139,Napoli,,Napoli,Campania
21696,Via Tribunali,310,80138,Napoli,,Napoli,Campania
21697,Via Tribunali,310,80138,Napoli,,Napoli,Campania
21698,Via Tribunali,310,80138,Napoli,,Napoli,Campania
21699,Via Tribunali,310,80138,Napoli,,Napoli,Campania
21700,Via Tribunali,310,80138,Napoli,,Napoli,Campania
21701,Piazza Giuseppe Garibaldi,18,80142,Napoli,,Napoli,Campania
21702,Piazza Giuseppe Garibaldi,18,80142,Napoli,,Napoli,Campania
21703,Via Brecce A Sant' Erasmo,69,80142,Napoli,,Napoli,Campania
21704,Via Brecce A Sant` Erasmo,69,80142,Napoli,,Napoli,Campania
21705,Via Brecce A Sant` Erasmo,69,80142,Napoli,,Napoli,Campania
21706,Calata Di Ponte Casanova,30,80143,Napoli,,Napoli,Campania
21707,Via Ponte Di Casanova,30,80143,Napoli,,Napoli,Campania
21708,Calata Di Ponte Casanova,30,80143,Napoli,,Napoli,Campania
21709,Corso Giuseppe Garibaldi,218,80137,Napoli,,Napoli,Campania
21710,Via Casanova,52,80141,Napoli,,Napoli,Campania
21711,Via Ettore Bellini,29,80141,Napoli,,Napoli,Campania
21712,Via Della Costituzione,12 C. DIR. IS G1,80143,Napoli,,Napoli,Campania
21713,Via Genova,27,80143,Napoli,,Napoli,Campania
21714,Via Genova,27,80143,Napoli,,Napoli,Campania
21715,Via Genova,27,80143,Napoli,,Napoli,Campania
21716,Via Duomo,32,80138,Napoli,,Napoli,Campania
21717,Via San Giovanni A Carbonara,70,80139,Napoli,,Napoli,Campania
21718,Via San Giovanni A Carbonara,70,80139,Napoli,,Napoli,Campania
21719,Piazza Salvatore Lo Bianco,16/17,80143,Napoli,,Napoli,Campania
21720,Piazza Salvatore Lo Bianco,16/17,80143,Napoli,,Napoli,Campania
21721,Piazza Salvatore Lo Bianco,16/17,80143,Napoli,,Napoli,Campania
21722,Corso Giuseppe Garibaldi,285,80141,Napoli,,Napoli,Campania
21723,Via Arenaccia,192,80143,Napoli,,Napoli,Campania
21724,Via Arenaccia,192,80143,Napoli,,Napoli,Campania
21725,Via Alessandro Poerio,48,80139,Napoli,,Napoli,Campania
21726,Via Alessandro Poerio,48,80139,Napoli,,Napoli,Campania
21727,Via Alessandro Poerio,48,80139,Napoli,,Napoli,Campania
21728,Via Carlo Poerio,48,80121,Napoli,,Napoli,Campania
21729,Via Alessandro Poerio,46-48,80139,Napoli,,Napoli,Campania
21730,Via Alessandro Poerio,48,80139,Napoli,,Napoli,Campania
21731,Via Alessandro Poerio,48,80139,Napoli,,Napoli,Campania
21732,Corso Giuseppe Garibaldi,103,80139,Napoli,,Napoli,Campania
21733,Corso Giuseppe Garibaldi,103,80139,Napoli,,Napoli,Campania
21734,Corso Giuseppe Garibaldi,103,80139,Napoli,,Napoli,Campania
21735,Corso Giuseppe Garibaldi,103,80139,Napoli,,Napoli,Campania
21736,Corso Giuseppe Garibaldi,103,80139,Napoli,,Napoli,Campania
21737,Via Alessio Mazzocchi,23,80141,Napoli,,Napoli,Campania
21738,Via Alessio Mazzocchi,23,80141,Napoli,,Napoli,Campania
21739,Via Alessio Mazzocchi,23,80141,Napoli,,Napoli,Campania
21740,Via Alessio Mazzocchi,23,80141,Napoli,,Napoli,Campania
21741,Via Toledo,388,80144,Napoli,,Napoli,Campania
21742,Via Toledo,388,80144,Napoli,,Napoli,Campania
21743,Via Toledo,388,80144,Napoli,,Napoli,Campania
21744,Via Toledo,388,80144,Napoli,,Napoli,Campania
21745,Via Stella,102,80135,Napoli,,Napoli,Campania
21746,Via Stella,102,80135,Napoli,,Napoli,Campania
21747,Viale Traiano,269-271-273,80126,Napoli,,Napoli,Campania
21748,Via Stella,102,80135,Napoli,,Napoli,Campania
21749,Via Ventaglieri,13,80100,Napoli,,Napoli,Campania
21750,Via Ventaglieri,13,80100,Napoli,,Napoli,Campania
34461,Via Francesco De Pinedo,77,80144,Napoli,,Napoli,Campania
34462,Via Francesco De Pinedo,109,80144,Napoli,,Napoli,Campania
34463,Via Francesco De Pinedo,109,80144,Napoli,,Napoli,Campania
34464,Via Francesco De Pinedo,77,80144,Napoli,,Napoli,Campania
34542,Via Maurizio Piscicelli,138,80128,Napoli,,Napoli,Campania
34543,Via Maurizio Piscicelli,138-140-142,80128,Napoli,,Napoli,Campania
34544,Via Maurizio Piscicelli,138,80128,Napoli,,Napoli,Campania
34545,Via Maurizio Piscicelli,138,80128,Napoli,,Napoli,Campania
34546,Via Emanuele Gianturco,139/141/143,80143,Napoli,,Napoli,Campania
34547,Via Murialdo,17,80143,Napoli,,Napoli,Campania
34548,Via Murialdo,17,80143,Napoli,,Napoli,Campania
34549,Via Diocleziano,220,80125,Napoli,,Napoli,Campania
34550,Via Diocleziano,220,80125,Napoli,,Napoli,Campania
34551,Via Diocleziano,208ABCDE 210A,80125,Napoli,,Napoli,Campania
34552,Via Diocleziano,220,80125,Napoli,,Napoli,Campania
34553,Via Diocleziano,220,80125,Napoli,,Napoli,Campania
34554,Via S.teresa Degli Scalzi,106,80136,Napoli,,Napoli,Campania
34555,Via S.teresa Degli Scalzi,106,80136,Napoli,,Napoli,Campania
34562,Via Pietro Castellino,165/167,80131,Napoli,,Napoli,Campania
34563,Via Pietro Castellino,165/167,80131,Napoli,,Napoli,Campania
34564,Via Pietro Castellino,165/167,80131,Napoli,,Napoli,Campania
34565,Via Pietro Castellino,165/167,80131,Napoli,,Napoli,Campania
34606,Via Arturo Labriola,167,80144,Napoli,,Napoli,Campania
34607,Via Antonio Labriola,6/7,80145,Napoli,,Napoli,Campania
34621,Via Nazionale,96,80143,Napoli,,Napoli,Campania
34622,Piazza Dante,41,80100,Napoli,,Napoli,Campania
34623,Piazza Dante,41/a,80135,Napoli,,Napoli,Campania
34750,Via Stadera A Poggioreale,187 ed. 9 int. 15,80143,Napoli,,Napoli,Campania
34751,Via Stadera A Poggioreale,183/187,80143,Napoli,,Napoli,Campania
34752,Via Stadera A Poggioreale,183/187,80143,Napoli,,Napoli,Campania
34753,Via Stadera A Poggioreale,187 ed. 9 int. 15,80143,Napoli,,Napoli,Campania
35461,Via Filangeri,67,-,Napoli,,Napoli,Campania
35939,Via Sandro Botticelli,43/45,80126,Napoli,,Napoli,Campania
35940,Via Sandro Botticelli,43/45,80126,Napoli,,Napoli,Campania
36123,Via Giacomo Leopardi,192/194,80125,Napoli,,Napoli,Campania
36232,Via Bozelli,19,80141,Napoli,,Napoli,Campania
36465,Via De Pretis,11,80133,Napoli,,Napoli,Campania
36466,Via De Pretis,27,80133,Napoli,,Napoli,Campania
36791,Via Appia Verso Scampia,23-24,80144,Napoli,,Napoli,Campania
36792,Via A. Micheluzzi,62/72,80144,Napoli,,Napoli,Campania
36793,Via Micheluzzi,66,80144,Napoli,,Napoli,Campania
36794,Via Attilio Micheluzzi,64,80144,Napoli,,Napoli,Campania
36795,Via Appia Verso Scampia,23-24,80144,Napoli,,Napoli,Campania
36880,Via Emanuele Gianturco,139-141-143,80143,Napoli,,Napoli,Campania
36881,Via Emanuele Gianturco,139-141-143,80143,Napoli,,Napoli,Campania
36950,Viale Traiano,269-271-273,80126,Napoli,,Napoli,Campania
36951,Viale Traiano,269/273,80126,Napoli,,Napoli,Campania
